e1down_flow,e1down_occupancy,e1down_speed,e1ramp_flow,e1ramp_occupancy,e1ramp_speed,e1up_flow,e1up_occupancy,e1up_speed,e2down_flow,e2down_occupancy,e2down_speed,e2ramp_flow,e2ramp_occupancy,e2ramp_speed,e2up_flow,e2up_occupancy,e2up_speed,e3down_flow,e3down_occupancy,e3down_speed,e3ramp_flow,e3ramp_occupancy,e3ramp_speed,e3up_flow,e3up_occupancy,e3up_speed,e4down_flow,e4down_occupancy,e4down_speed,e4ramp_flow,e4ramp_occupancy,e4ramp_speed,e4up_flow,e4up_occupancy,e4up_speed,e1,e2,e3,e4,raod_3,road_16,road_35,road_48
0,0.0,-1.0,0,0.0,-1.0,0,0.0,-1.0,4,0.9750000238418579,26.375,6,3.109999895095825,24.149999618530273,0,0.0,-1.0,5,1.225000023841858,24.31999969482422,5,2.6600000858306885,22.540000915527344,0,0.0,-1.0,2,0.47999998927116394,12.619999885559082,2,0.9300000071525574,26.969999313354492,0,0.0,-1.0,9,10,14,7,26,24,30,30
0,0.0,-1.0,0,0.0,-1.0,1,0.125,16.010000228881836,3,0.675000011920929,11.914999961853027,5,5.489999771118164,12.25,0,0.0,-1.0,2,0.4650000035762787,13.600000381469727,5,3.4600000381469727,18.559999465942383,0,0.0,-1.0,1,0.16500000655651093,12.135000228881836,3,2.1700000762939453,17.6200008392334,0,0.0,-1.0,0,8,29,0,22,20,24,26
11,2.5199999809265137,25.895000457763672,4,11.449999809265137,6.460000038146973,14,3.369999885559082,25.270000457763672,2,0.5699999928474426,11.024999618530273,2,4.159999847412109,7.019999980926514,0,0.0,-1.0,6,1.4950001239776611,22.80500030517578,6,3.700000047683716,16.68000030517578,0,0.0,-1.0,0,0.0,-1.0,2,1.5499999523162842,10.829999923706055,0,0.0,-1.0,14,25,42,6,24,22,30,26
38,9.475000381469727,21.93000030517578,2,16.5,1.5099999904632568,38,10.059999465942383,21.094999313354492,7,1.3499999046325684,25.299999237060547,6,9.970000267028809,13.020000457763672,0,0.0,-1.0,7,1.3399999141693115,25.520000457763672,6,3.759999990463257,19.989999771118164,0,0.0,-1.0,2,0.6100000143051147,10.4399995803833,3,3.930000066757202,8.260000228881836,0,0.0,-1.0,0,34,5,18,22,30,28,28
40,9.180000305175781,23.450000762939453,0,0.0,-1.0,39,9.029999732971191,23.630001068115234,5,1.3299999237060547,23.940000534057617,4,4.119999885559082,15.529999732971191,0,0.0,-1.0,1,0.44999998807907104,8.770000457763672,5,6.130000114440918,9.279999732971191,0,0.0,-1.0,6,1.3149999380111694,23.130001068115234,3,2.3499999046325684,14.260000228881836,1,0.14499999582767487,13.970000267028809,14,34,27,7,22,22,28,26
38,9.789999961853027,21.630001068115234,3,75.91999816894531,1.9900000095367432,35,9.345000267028809,21.309999465942383,4,0.8500000238418579,12.204999923706055,3,1.7999999523162842,20.239999771118164,0,0.0,-1.0,9,2.0799999237060547,23.125,7,11.279999732971191,10.890000343322754,0,0.0,-1.0,7,1.7699999809265137,22.380001068115234,3,2.549999952316284,13.649999618530273,4,0.9750000238418579,12.789999961853027,19,18,31,28,30,26,28,20
41,10.970000267028809,20.93000030517578,4,79.20999908447266,1.9900000095367432,38,14.864999771118164,16.334999084472656,3,0.6899999976158142,24.46500015258789,4,2.6600000858306885,15.489999771118164,0,0.0,-1.0,6,1.7899999618530273,22.0,6,3.619999885559082,16.139999389648438,0,0.0,-1.0,7,1.4100000858306885,25.21500015258789,3,2.0799999237060547,19.450000762939453,4,0.6050000190734863,27.474998474121094,2,28,5,18,28,20,30,30
38,9.154999732971191,22.03499984741211,1,93.36000061035156,0.12999999523162842,37,9.280000686645508,22.279998779296875,7,1.5199999809265137,26.264999389648438,6,4.480000019073486,19.889999389648438,0,0.0,-1.0,2,0.3700000047683716,10.819999694824219,4,8.289999961853027,8.239999771118164,0,0.0,-1.0,10,2.2849998474121094,24.799999237060547,2,0.8700000047683716,19.850000381469727,7,1.440000057220459,26.90999984741211,37,34,16,0,24,20,24,26
41,10.029999732971191,21.689998626708984,7,39.689998626708984,2.0,36,22.244998931884766,14.970000267028809,4,1.0199999809265137,12.015000343322754,5,3.440000057220459,17.729999542236328,0,0.0,-1.0,5,1.1500000953674316,23.029998779296875,5,29.65999984741211,4.130000114440918,0,0.0,-1.0,4,0.9449999928474426,30.404998779296875,3,3.509999990463257,9.380000114440918,5,1.0450000762939453,30.529998779296875,16,16,12,0,28,22,28,20
41,10.905000686645508,20.604999542236328,3,24.0,1.4299999475479126,38,22.1200008392334,14.755000114440918,6,1.100000023841858,26.850000381469727,3,2.7899999618530273,15.5,7,1.2000000476837158,28.450000762939453,5,1.4249999523162842,23.130001068115234,5,33.119998931884766,2.4800000190734863,1,0.13500000536441803,14.800000190734863,4,0.5550000071525574,31.099998474121094,1,6.53000020980835,2.549999952316284,3,0.5249999761581421,32.23999786376953,24,7,3,1,22,24,22,28
41,10.795000076293945,20.650001525878906,4,70.43000030517578,1.8899999856948853,36,24.635000228881836,14.204999923706055,26,5.925000190734863,25.135000228881836,5,12.739999771118164,6.349999904632568,26,6.029999732971191,25.139999389648438,4,0.8100000023841858,25.639999389648438,0,82.19000244140625,-1.0,5,0.9399999976158142,13.010000228881836,6,1.3200000524520874,25.950000762939453,1,11.029999732971191,0.7599999904632568,6,1.315000057220459,26.639999389648438,46,6,32,6,26,20,20,24
38,10.559999465942383,20.59000015258789,8,58.20000076293945,1.4900000095367432,33,24.990001678466797,13.744999885559082,29,6.880000114440918,23.399999618530273,2,17.780000686645508,1.559999942779541,28,6.079999923706055,24.505001068115234,16,3.695000171661377,23.395000457763672,11,52.459999084472656,5.690000057220459,3,0.7599999904632568,25.03499984741211,6,1.6100000143051147,25.744998931884766,2,16.950000762939453,1.4600000381469727,3,0.6700000166893005,28.650001525878906,34,0,14,20,28,20,20,30
38,10.045000076293945,21.110000610351562,5,40.540000915527344,1.9199999570846558,33,27.229999542236328,13.130000114440918,36,7.725000381469727,24.915000915527344,0,0.0,-1.0,37,8.21500015258789,24.739999771118164,7,1.7000000476837158,23.755001068115234,4,73.81999969482422,2.359999895095825,4,0.8049999475479126,27.545000076293945,11,2.3899998664855957,23.975000381469727,6,14.850000381469727,5.070000171661377,5,0.875,27.900001525878906,10,16,17,0,22,30,26,28
45,11.824999809265137,20.384998321533203,2,13.039999961853027,1.2899999618530273,41,20.510000228881836,15.305000305175781,40,9.295000076293945,22.989999771118164,4,26.229999542236328,2.0299999713897705,32,8.210000038146973,21.774999618530273,9,2.244999885559082,24.239999771118164,5,80.08999633789062,3.640000104904175,3,0.6200000047683716,27.489999771118164,2,0.5,25.649999618530273,1,6.550000190734863,2.549999952316284,2,0.2749999761581421,29.989999771118164,24,30,0,0,28,30,30,22
40,10.194999694824219,21.119998931884766,4,47.470001220703125,3.130000114440918,37,25.30500030517578,14.335000038146973,38,9.539999961853027,21.540000915527344,5,57.11000061035156,2.359999895095825,40,11.895000457763672,19.43000030517578,7,1.159999966621399,29.360000610351562,0,100.0,-1.0,8,1.5099999904632568,28.334999084472656,5,1.1800000667572021,26.720001220703125,0,0.0,-1.0,6,1.2549999952316284,28.185001373291016,12,2,9,4,28,26,20,22
44,11.774999618530273,20.404998779296875,4,29.479999542236328,1.8200000524520874,41,23.82499885559082,14.694999694824219,40,10.305000305175781,21.939998626708984,1,88.01000213623047,0.1899999976158142,33,8.40999984741211,22.389999389648438,9,2.0850000381469727,25.75,3,86.05999755859375,2.0299999713897705,5,0.9150000214576721,28.700000762939453,7,1.2450000047683716,27.06999969482422,2,14.319999694824219,1.1799999475479126,7,1.4200000762939453,26.959999084472656,17,28,7,10,22,20,20,30
43,11.770000457763672,20.135000228881836,4,23.68000030517578,4.170000076293945,39,23.985000610351562,13.905000686645508,37,9.440000534057617,21.970001220703125,6,49.36000061035156,1.4199999570846558,38,9.764999389648438,20.514999389648438,3,0.5249999761581421,11.354999542236328,3,80.1500015258789,1.4800000190734863,0,0.0,-1.0,15,3.549999952316284,23.260000228881836,3,20.34000015258789,1.9199999570846558,9,1.9100000858306885,23.579999923706055,9,8,38,0,20,28,22,24
45,12.005000114440918,20.189998626708984,2,79.80000305175781,1.590000033378601,37,12.925000190734863,17.639999389648438,43,10.869999885559082,21.19499969482422,2,20.239999771118164,1.2999999523162842,39,10.200000762939453,21.299999237060547,16,4.345000267028809,21.689998626708984,12,54.720001220703125,6.639999866485596,3,0.9350000023841858,22.415000915527344,7,1.2649999856948853,26.604999542236328,0,0.0,-1.0,6,1.0850000381469727,27.334999084472656,11,7,37,39,28,28,26,22
32,8.84000015258789,22.170000076293945,2,85.79000091552734,0.9200000166893005,33,8.145000457763672,22.21500015258789,43,10.414999961853027,22.469999313354492,1,75.37999725341797,1.840000033378601,40,9.895000457763672,22.029998779296875,21,5.279999732971191,21.96500015258789,14,39.439998626708984,6.139999866485596,8,1.725000023841858,24.915000915527344,20,5.605000019073486,21.790000915527344,10,20.40999984741211,7.380000114440918,8,2.0199999809265137,25.885000228881836,21,0,18,21,26,24,26,26
44,11.420000076293945,20.834999084472656,4,37.369998931884766,1.340000033378601,42,20.684999465942383,15.385000228881836,38,9.329999923706055,22.514999389648438,0,100.0,-1.0,37,9.114999771118164,22.96500015258789,10,2.2750000953674316,23.325000762939453,6,43.52000045776367,4.300000190734863,4,0.625,25.68000030517578,8,1.465000033378601,25.875,3,2.5299999713897705,13.220000267028809,4,0.7199999690055847,30.854999542236328,0,20,0,0,20,20,26,30
42,10.859999656677246,21.399999618530273,0,0.0,-1.0,39,9.979999542236328,22.100000381469727,39,9.404999732971191,22.924999237060547,4,72.55999755859375,1.6100000143051147,39,11.360000610351562,19.114999771118164,14,3.760000228881836,25.020000457763672,0,100.0,-1.0,20,4.700000286102295,25.549999237060547,6,1.350000023841858,25.405000686645508,3,4.320000171661377,8.5,6,1.1100000143051147,27.299999237060547,1,39,16,25,26,22,26,22
35,8.755000114440918,22.670000076293945,1,85.41999816894531,1.3799999952316284,32,7.954999923706055,22.795000076293945,38,9.264999389648438,21.775001525878906,7,53.25,1.5199999809265137,29,7.479999542236328,22.939998626708984,29,6.25,23.170000076293945,4,75.13999938964844,1.690000057220459,24,5.494999885559082,23.040000915527344,10,2.4000000953674316,23.84000015258789,3,2.509999990463257,13.319999694824219,5,1.1100000143051147,26.559999465942383,14,26,29,9,28,20,20,30
41,10.954999923706055,20.665000915527344,4,80.19999694824219,2.130000114440918,43,17.155000686645508,15.829999923706055,41,9.789999961853027,22.439998626708984,5,32.02000045776367,1.8899999856948853,40,18.049999237060547,17.93000030517578,36,8.889999389648438,22.229999542236328,6,68.86000061035156,2.359999895095825,27,7.759999752044678,21.224998474121094,13,3.3550000190734863,24.56999969482422,2,1.0700000524520874,15.569999694824219,9,2.140000104904175,26.65999984741211,42,15,47,9,22,22,26,26
38,10.565000534057617,20.475000381469727,8,50.099998474121094,1.9800000190734863,29,20.05500030517578,14.609999656677246,43,10.770000457763672,21.385000228881836,3,27.299999237060547,1.3300000429153442,40,24.389999389648438,14.029999732971191,35,9.075000762939453,21.44499969482422,9,59.27000045776367,2.119999885559082,34,9.019999504089355,19.740001678466797,26,5.425000190734863,25.0,3,2.180000066757202,14.949999809265137,25,5.175000190734863,25.825000762939453,0,19,22,11,20,26,24,26
45,10.870000839233398,21.06999969482422,0,0.0,-1.0,43,14.225000381469727,17.78499984741211,42,11.805000305175781,20.625,3,25.959999084472656,1.3200000524520874,41,25.28499984741211,13.579999923706055,31,8.225000381469727,21.104999542236328,4,70.26000213623047,1.8700000047683716,18,5.529999732971191,20.100000381469727,6,1.3299999237060547,22.889999389648438,3,2.4800000190734863,13.289999961853027,2,0.3400000035762787,24.774999618530273,11,36,13,0,30,30,26,22
43,11.25,21.119998931884766,3,78.2300033569336,2.819999933242798,39,9.854999542236328,21.560001373291016,43,10.579999923706055,21.049999237060547,5,40.5099983215332,1.2899999618530273,38,24.34000015258789,14.364999771118164,29,7.305000305175781,23.125,4,77.58000183105469,2.130000114440918,32,7.860000133514404,23.229999542236328,22,4.855000019073486,25.649999618530273,2,3.7200000286102295,7.869999885559082,25,5.429999828338623,26.06999969482422,19,25,37,24,20,30,24,20
40,10.255000114440918,20.510000228881836,5,30.360000610351562,2.069999933242798,38,19.060001373291016,15.244999885559082,42,10.65999984741211,21.290000915527344,4,65.4000015258789,2.0899999141693115,37,26.744998931884766,13.360000610351562,42,10.994999885559082,20.315000534057617,7,59.650001525878906,1.7999999523162842,38,17.920000076293945,16.075000762939453,25,6.130000114440918,23.155000686645508,3,5.820000171661377,10.229999542236328,24,5.034999847412109,24.145000457763672,30,20,30,7,20,28,20,22
40,11.315000534057617,20.689998626708984,5,35.47999954223633,1.7300000190734863,35,14.074999809265137,16.719999313354492,41,10.914999961853027,20.689998626708984,3,82.70999908447266,1.3600000143051147,35,25.235000610351562,13.719999313354492,40,11.325000762939453,20.154998779296875,4,79.72000122070312,1.8700000047683716,32,12.239999771118164,16.104999542236328,32,7.194999694824219,23.670000076293945,2,1.2100000381469727,13.850000381469727,26,6.025000095367432,25.170000076293945,20,18,25,5,28,22,28,28
42,11.539999961853027,20.135000228881836,5,64.58999633789062,2.2799999713897705,37,13.220000267028809,16.655000686645508,40,10.864999771118164,20.96500015258789,5,34.099998474121094,1.659999966621399,38,24.31999969482422,11.905000686645508,42,11.125,20.545000076293945,7,46.33000183105469,1.8899999856948853,40,15.9399995803833,16.889999389648438,31,6.835000038146973,24.380001068115234,3,2.4700000286102295,13.390000343322754,31,6.935000419616699,24.475000381469727,21,17,6,1,24,24,22,30
44,11.229999542236328,20.424999237060547,4,36.380001068115234,1.75,38,19.899999618530273,14.385000228881836,45,12.475000381469727,19.485000610351562,3,26.270000457763672,1.4199999570846558,43,29.40999984741211,9.699999809265137,44,10.670000076293945,21.200000762939453,1,72.70999908447266,1.2699999809265137,33,14.125,15.105000495910645,36,9.085000038146973,21.970001220703125,3,3.4100000858306885,10.399999618530273,35,8.024999618530273,23.524999618530273,13,5,0,28,24,26,24,20
43,12.020000457763672,20.189998626708984,2,80.77999877929688,1.8799999952316284,44,21.15999984741211,15.145000457763672,45,13.970000267028809,18.904998779296875,1,80.58999633789062,2.0299999713897705,44,23.674999237060547,11.595000267028809,32,7.864999771118164,23.435001373291016,0,100.0,-1.0,37,10.005000114440918,22.6299991607666,26,6.235000133514404,24.229999542236328,3,2.299999952316284,14.529999732971191,19,4.550000190734863,25.489999771118164,35,17,10,13,28,22,28,24
42,10.375,21.310001373291016,7,64.04000091552734,1.9600000381469727,34,23.649999618530273,14.354999542236328,45,12.130000114440918,19.740001678466797,4,73.69999694824219,1.6100000143051147,38,22.760000228881836,13.829999923706055,42,11.985000610351562,20.825000762939453,2,88.20999908447266,0.75,42,10.485000610351562,21.100000381469727,31,7.140000343322754,24.095001220703125,3,2.630000114440918,13.430000305175781,28,6.679999828338623,24.514999389648438,24,25,25,20,24,22,26,28
40,11.354999542236328,20.375,4,19.290000915527344,4.78000020980835,37,25.46500015258789,14.09999942779541,40,10.180000305175781,21.115001678466797,5,44.310001373291016,1.3700000047683716,36,9.25,20.78499984741211,43,10.934999465942383,20.880001068115234,4,79.12999725341797,1.409999966621399,41,17.350000381469727,16.229999542236328,38,10.299999237060547,20.84000015258789,2,1.0700000524520874,15.829999923706055,36,9.174999237060547,21.545000076293945,10,0,36,14,20,30,28,24
41,10.985000610351562,19.565000534057617,2,21.469999313354492,1.149999976158142,34,12.690000534057617,16.8799991607666,48,13.104999542236328,19.940000534057617,0,0.0,-1.0,45,12.305000305175781,20.560001373291016,43,10.744999885559082,20.740001678466797,7,63.619998931884766,1.590000033378601,37,25.799999237060547,13.444999694824219,40,9.694999694824219,22.600000381469727,3,2.3499999046325684,14.869999885559082,40,9.53499984741211,22.709999084472656,21,13,23,8,20,30,28,22
41,10.954999923706055,20.810001373291016,5,44.220001220703125,2.0899999141693115,39,14.59000015258789,16.385000228881836,42,11.380000114440918,20.604999542236328,3,24.450000762939453,1.5199999809265137,45,15.274999618530273,16.905000686645508,44,10.305000305175781,21.619998931884766,4,74.5999984741211,1.3200000524520874,39,26.454999923706055,13.809999465942383,44,10.164999961853027,22.375,2,1.7999999523162842,14.130000114440918,40,9.174999237060547,23.34000015258789,13,34,14,6,30,24,28,26
44,11.684999465942383,20.600000381469727,3,30.610000610351562,1.5499999523162842,40,14.879999160766602,17.440000534057617,43,10.234999656677246,21.450000762939453,4,63.16999816894531,1.7799999713897705,35,23.829999923706055,14.760000228881836,44,12.024999618530273,20.71500015258789,3,80.38999938964844,1.1799999475479126,37,22.15999984741211,14.619999885559082,39,10.139999389648438,21.900001525878906,3,2.8299999237060547,11.579999923706055,38,9.854999542236328,22.529998779296875,15,46,34,22,24,20,20,24
43,11.789999961853027,20.145000457763672,4,64.25,1.7100000381469727,40,15.444999694824219,16.790000915527344,40,10.539999961853027,21.03499984741211,7,59.7400016784668,1.5700000524520874,34,28.200000762939453,13.719999313354492,37,10.28499984741211,20.365001678466797,6,63.79999923706055,1.5399999618530273,32,28.55500030517578,14.969999313354492,38,9.59000015258789,22.100000381469727,3,2.609999895095825,13.210000038146973,33,7.574999809265137,23.625,18,0,14,38,28,30,26,28
40,10.6850004196167,21.224998474121094,3,32.130001068115234,1.399999976158142,37,13.100000381469727,17.96500015258789,44,12.385000228881836,20.354999542236328,0,100.0,-1.0,45,20.66499900817871,15.510000228881836,41,12.180000305175781,20.189998626708984,3,39.150001525878906,0.6700000166893005,43,22.979999542236328,14.194999694824219,35,8.055000305175781,23.654998779296875,2,0.7699999809265137,22.920000076293945,29,6.555000305175781,25.020000457763672,21,16,38,0,28,20,24,28
43,11.479999542236328,20.184999465942383,3,71.36000061035156,1.5,40,12.904999732971191,17.854999542236328,43,11.369999885559082,20.630001068115234,3,84.41999816894531,1.1200000047683716,39,13.21500015258789,17.690000534057617,42,10.550000190734863,20.770000457763672,6,46.2400016784668,1.7000000476837158,33,27.7549991607666,13.47499942779541,41,9.944999694824219,22.625,3,2.7100000381469727,12.289999961853027,46,10.664999961853027,22.564998626708984,2,11,28,19,20,24,22,30
33,8.59000015258789,21.260000228881836,1,94.58000183105469,0.23999999463558197,32,8.149999618530273,21.93000030517578,45,11.1899995803833,21.125,3,27.229999542236328,1.2899999618530273,43,14.815000534057617,16.809999465942383,40,11.274999618530273,19.924999237060547,5,53.689998626708984,1.059999942779541,36,28.25,12.879999160766602,46,10.469999313354492,21.684999465942383,3,2.450000047683716,13.3100004196167,45,9.835000038146973,22.040000915527344,16,22,21,0,26,28,30,22
41,10.164999961853027,21.53499984741211,4,79.05999755859375,1.4800000190734863,37,19.459999084472656,15.40999984741211,45,11.735000610351562,20.255001068115234,3,68.11000061035156,2.0199999809265137,42,22.03499984741211,14.234999656677246,41,11.494999885559082,20.220001220703125,3,64.81999969482422,1.4299999475479126,39,24.900001525878906,13.704999923706055,37,8.899999618530273,22.399999618530273,3,7.800000190734863,5.829999923706055,33,7.809999942779541,23.739999771118164,25,11,28,37,22,26,20,22
43,11.924999237060547,20.149999618530273,6,35.88999938964844,1.9900000095367432,39,27.369998931884766,13.635000228881836,45,12.694999694824219,19.725000381469727,4,33.630001068115234,1.340000033378601,39,24.53499984741211,13.489999771118164,45,11.15999984741211,20.44499969482422,5,70.38999938964844,1.6200000047683716,36,26.5,13.914999961853027,39,9.789999961853027,21.709999084472656,3,2.390000104904175,13.880000114440918,30,7.519999980926514,21.520000457763672,14,3,38,5,30,22,24,22
44,12.299999237060547,19.389999389648438,3,22.719999313354492,1.4199999570846558,39,16.119998931884766,15.745000839233398,44,11.985000610351562,20.415000915527344,0,84.5999984741211,-1.0,40,11.145000457763672,20.34000015258789,41,11.75,20.130001068115234,6,66.05000305175781,1.7200000286102295,38,29.549999237060547,11.979999542236328,31,9.045000076293945,21.939998626708984,2,1.190000057220459,14.149999618530273,30,8.494999885559082,23.274999618530273,17,9,35,0,22,22,26,24
44,12.210000038146973,19.639999389648438,2,74.86000061035156,2.4700000286102295,42,13.764999389648438,18.059999465942383,43,11.404999732971191,21.139999389648438,4,29.610000610351562,1.8799999952316284,43,12.354999542236328,20.375,42,12.46500015258789,19.15999984741211,6,64.91999816894531,1.590000033378601,37,30.06999969482422,11.924999237060547,39,8.729999542236328,23.399999618530273,2,2.8499999046325684,8.5600004196167,41,8.994999885559082,23.435001373291016,7,39,16,19,22,26,24,24
39,9.680000305175781,21.755001068115234,2,22.709999084472656,0.699999988079071,33,8.154999732971191,22.59000015258789,42,11.069999694824219,20.459999084472656,6,47.66999816894531,1.649999976158142,39,11.690000534057617,18.25,45,12.335000038146973,19.635000228881836,3,34.18000030517578,0.8899999856948853,41,22.185001373291016,13.960000038146973,42,10.639999389648438,20.93000030517578,3,4.75,7.360000133514404,39,10.674999237060547,19.655000686645508,39,0,12,35,26,30,28,24
38,9.005000114440918,21.950000762939453,7,39.84000015258789,2.009999990463257,36,25.045000076293945,15.440000534057617,48,12.100000381469727,20.505001068115234,0,0.0,-1.0,43,17.934999465942383,16.014999389648438,48,11.670000076293945,20.860000610351562,2,68.91999816894531,1.4600000381469727,44,21.380001068115234,14.074999809265137,40,11.3100004196167,20.685001373291016,3,2.680000066757202,12.210000038146973,34,9.305000305175781,21.079999923706055,22,13,24,14,24,20,20,28
38,11.710000038146973,20.185001373291016,4,67.7300033569336,1.940000057220459,35,25.919998168945312,13.755000114440918,40,10.880000114440918,20.80500030517578,2,68.87999725341797,1.440000057220459,35,10.279999732971191,20.80500030517578,41,11.164999961853027,20.064998626708984,4,74.3499984741211,1.0800000429153442,38,24.670001983642578,14.529999732971191,43,10.46500015258789,21.400001525878906,3,2.2699999809265137,16.059999465942383,42,9.960000038146973,21.860000610351562,0,24,8,33,28,20,26,28
48,11.799999237060547,21.049999237060547,0,100.0,-1.0,46,14.194999694824219,18.549999237060547,41,10.720000267028809,21.485000610351562,5,45.02000045776367,1.4700000286102295,38,10.949999809265137,19.549999237060547,41,11.864999771118164,20.329999923706055,2,85.30999755859375,0.9900000095367432,40,21.174999237060547,14.520000457763672,43,11.555000305175781,20.454999923706055,2,1.0299999713897705,16.260000228881836,39,11.095000267028809,19.78499984741211,17,19,0,22,28,30,30,30
40,10.28499984741211,21.279998779296875,4,77.81999969482422,1.5299999713897705,36,16.135000228881836,16.829999923706055,39,9.710000038146973,21.264999389648438,5,64.94000244140625,4.78000020980835,33,8.795000076293945,21.079999923706055,49,13.755000114440918,19.630001068115234,0,100.0,-1.0,48,15.869999885559082,17.25,42,11.934999465942383,19.974998474121094,3,2.1700000762939453,16.5,41,12.664999961853027,18.470001220703125,15,6,0,30,24,28,24,30
42,10.84000015258789,20.920000076293945,3,33.79999923706055,1.1799999475479126,40,16.075000762939453,17.045000076293945,45,12.369999885559082,19.71500015258789,2,84.01000213623047,0.8100000023841858,48,14.710000038146973,17.895000457763672,48,13.819999694824219,19.310001373291016,0,100.0,-1.0,48,14.039999961853027,19.075000762939453,40,10.885000228881836,21.309999465942383,3,1.690000057220459,19.6200008392334,35,8.815000534057617,22.279998779296875,28,0,12,27,26,24,26,30
42,11.805000305175781,20.154998779296875,5,28.829999923706055,2.140000104904175,34,10.229999542236328,19.575000762939453,45,12.475000381469727,19.845001220703125,0,100.0,-1.0,40,10.055000305175781,21.709999084472656,47,12.34000015258789,19.599998474121094,2,89.72000122070312,1.2200000286102295,46,16.575000762939453,16.424999237060547,39,8.494999885559082,23.150001525878906,3,2.0899999141693115,18.979999542236328,38,8.095000267028809,23.154998779296875,13,22,0,31,30,30,22,28
38,10.239999771118164,21.040000915527344,2,81.3499984741211,1.7200000286102295,36,9.09000015258789,21.96500015258789,41,10.680000305175781,21.19499969482422,4,40.15999984741211,1.2200000286102295,40,10.770000457763672,20.40999984741211,46,12.244999885559082,20.799999237060547,0,100.0,-1.0,43,11.049999237060547,21.2549991607666,40,10.579999923706055,21.459999084472656,2,1.6399999856948853,17.049999237060547,39,10.449999809265137,20.670000076293945,3,10,21,5,22,26,28,28
38,9.225000381469727,22.25,1,93.68000030517578,0.20999999344348907,37,8.755000114440918,22.395000457763672,44,11.21500015258789,20.69499969482422,2,76.12999725341797,2.0799999237060547,41,11.78499984741211,19.005001068115234,43,10.680000305175781,20.959999084472656,4,76.19999694824219,1.4900000095367432,42,17.649999618530273,16.309999465942383,45,12.510000228881836,19.950000762939453,2,1.1799999475479126,14.100000381469727,41,11.899999618530273,20.135000228881836,7,3,7,19,26,30,22,30
39,9.164999961853027,22.854999542236328,3,85.25,1.75,37,9.094999313354492,22.185001373291016,45,12.229999542236328,20.5,2,26.010000228881836,0.46000000834465027,44,12.364999771118164,19.389999389648438,45,12.905000686645508,19.895000457763672,1,94.43000030517578,0.15000000596046448,40,20.280000686645508,15.234999656677246,42,10.335000038146973,20.81999969482422,3,2.3499999046325684,14.100000381469727,37,8.53499984741211,21.845001220703125,30,24,7,6,22,30,24,22
40,10.094999313354492,21.040000915527344,6,42.04999923706055,1.5199999809265137,36,20.279998779296875,14.699999809265137,40,11.270000457763672,20.540000915527344,4,33.7400016784668,1.440000057220459,38,10.789999961853027,20.299999237060547,39,10.505000114440918,21.09000015258789,3,80.9000015258789,1.309999942779541,36,9.774999618530273,21.354999542236328,41,10.635000228881836,22.19499969482422,3,2.4600000381469727,14.59000015258789,38,9.550000190734863,22.84000015258789,18,8,48,27,28,20,26,26
40,11.0,20.189998626708984,3,73.43000030517578,1.75,36,14.420000076293945,16.010000228881836,46,11.764999389648438,21.399999618530273,1,79.36000061035156,1.7200000286102295,40,11.145000457763672,20.094999313354492,42,10.869999885559082,19.94499969482422,8,63.33000183105469,1.600000023841858,40,19.540000915527344,15.639999389648438,38,10.385000228881836,21.31999969482422,3,2.3399999141693115,14.350000381469727,37,9.869999885559082,21.955001831054688,29,4,13,2,26,22,22,30
40,10.595000267028809,20.854999542236328,6,40.459999084472656,1.6399999856948853,34,22.959999084472656,14.404999732971191,44,9.950000762939453,22.71500015258789,1,89.33999633789062,0.1899999976158142,42,9.734999656677246,22.329999923706055,43,12.270000457763672,19.770000457763672,3,73.8499984741211,1.4700000286102295,36,26.69999885559082,13.6850004196167,45,11.809999465942383,19.81999969482422,3,2.990000009536743,11.550000190734863,44,10.914999961853027,21.064998626708984,4,0,34,0,26,22,22,30
43,12.079999923706055,19.650001525878906,1,85.41000366210938,1.3700000047683716,42,18.779998779296875,15.890000343322754,37,8.854999542236328,23.18000030517578,0,100.0,-1.0,39,9.219999313354492,23.235000610351562,41,10.475000381469727,20.5,5,72.51000213623047,1.409999966621399,38,25.584999084472656,14.315000534057617,45,11.315000534057617,21.845001220703125,2,2.9200000762939453,6.170000076293945,44,10.795000076293945,22.0,11,15,16,42,26,22,26,30
45,12.604999542236328,19.375,3,82.18000030517578,1.5700000524520874,42,12.905000686645508,18.375,40,10.5,22.149999618530273,2,89.01000213623047,0.9700000286102295,39,10.364999771118164,21.345001220703125,45,11.78499984741211,20.360000610351562,3,82.1500015258789,1.1699999570846558,40,25.670000076293945,13.364999771118164,42,10.59000015258789,20.764999389648438,3,12.6899995803833,8.739999771118164,40,12.835000038146973,17.799999237060547,0,12,6,37,26,28,30,28
40,9.96500015258789,22.619998931884766,0,100.0,-1.0,38,9.28499984741211,23.529998779296875,45,11.420000076293945,20.994998931884766,3,24.59000015258789,1.1399999856948853,41,10.485000610351562,21.079999923706055,46,12.265000343322754,19.514999389648438,1,93.66999816894531,0.23000000417232513,46,21.385000228881836,13.950000762939453,43,12.170000076293945,19.970001220703125,3,1.8799999952316284,17.489999771118164,39,21.649999618530273,13.540000915527344,0,29,8,18,26,26,24,22
38,8.460000038146973,23.720001220703125,0,100.0,-1.0,37,8.460000038146973,23.78499984741211,42,11.024999618530273,20.579999923706055,6,28.25,2.380000114440918,38,9.699999809265137,21.029998779296875,45,13.389999389648438,19.064998626708984,3,78.5999984741211,1.1100000143051147,42,22.8700008392334,13.53499984741211,46,13.135000228881836,19.674999237060547,4,3.299999952316284,12.65999984741211,44,20.530000686645508,14.985000610351562,21,6,18,0,22,24,26,20
41,10.719999313354492,20.93000030517578,5,29.479999542236328,2.109999895095825,36,10.925000190734863,18.670000076293945,42,11.305000305175781,21.080001831054688,1,17.31999969482422,0.9599999785423279,41,10.354999542236328,22.15999984741211,44,13.220000267028809,18.665000915527344,3,79.12000274658203,0.8999999761581421,42,24.454999923706055,12.604999542236328,39,9.530000686645508,21.325000762939453,2,7.010000228881836,3.869999885559082,34,8.055000305175781,23.56999969482422,13,6,0,41,20,22,22,22
38,9.809999465942383,21.514999389648438,4,73.04000091552734,2.9000000953674316,33,8.28499984741211,21.544998168945312,41,9.780000686645508,22.424999237060547,1,81.13999938964844,2.1700000762939453,34,8.350000381469727,23.274999618530273,48,13.985000610351562,19.06999969482422,0,100.0,-1.0,45,15.21500015258789,17.360000610351562,35,9.485000610351562,21.114999771118164,7,45.790000915527344,1.7100000381469727,36,15.454999923706055,16.899999618530273,10,21,19,29,24,28,26,26
39,10.09000015258789,21.469999313354492,4,77.55999755859375,1.6799999475479126,38,12.079999923706055,19.420000076293945,35,8.600000381469727,22.674999237060547,5,76.44999694824219,2.4700000286102295,35,8.479999542236328,21.704999923706055,42,11.735000610351562,20.005001068115234,5,38.689998626708984,1.9299999475479126,39,14.414999008178711,16.119998931884766,42,10.639999389648438,20.90999984741211,5,32.20000076293945,1.8799999952316284,35,26.81999969482422,13.219999313354492,40,25,0,31,30,20,28,26
40,10.375,20.739999771118164,8,52.439998626708984,2.119999885559082,35,15.329999923706055,15.704999923706055,42,10.454999923706055,21.665000915527344,4,80.87000274658203,1.6699999570846558,35,8.449999809265137,21.934999465942383,49,12.180000305175781,20.68000030517578,0,0.0,-1.0,47,11.795000076293945,21.514999389648438,46,11.539999961853027,20.30500030517578,5,33.84000015258789,1.5399999618530273,40,25.190000534057617,13.210000038146973,0,20,11,29,26,28,30,30
46,12.744999885559082,19.725000381469727,0,0.0,-1.0,44,15.6899995803833,17.209999084472656,40,9.895000457763672,21.619998931884766,4,81.27999877929688,1.8799999952316284,38,10.045000076293945,21.229999542236328,43,11.979999542236328,19.685001373291016,2,68.18000030517578,1.5700000524520874,41,12.530000686645508,18.880001068115234,41,11.819999694824219,19.619998931884766,5,36.630001068115234,1.6299999952316284,38,27.549999237060547,13.014999389648438,0,10,17,25,26,26,20,26
41,9.594999313354492,22.729999542236328,0,0.0,-1.0,37,9.03499984741211,23.31999969482422,42,11.585000038146973,20.149999618530273,2,90.30999755859375,1.5299999713897705,40,10.585000038146973,20.934999465942383,43,12.15999984741211,19.71500015258789,3,79.98999786376953,1.1100000143051147,43,21.34000015258789,15.844999313354492,41,11.869999885559082,20.075000762939453,4,26.920000076293945,1.5700000524520874,36,25.049999237060547,13.0,5,33,9,20,26,22,28,28
38,9.700000762939453,21.670000076293945,1,84.47000122070312,1.3899999856948853,36,9.030000686645508,21.825000762939453,42,10.979999542236328,21.075000762939453,7,53.15999984741211,1.690000057220459,40,13.855000495910645,18.149999618530273,44,12.15999984741211,20.575000762939453,3,33.65999984741211,0.949999988079071,42,17.345001220703125,16.03499984741211,45,12.079999923706055,19.584999084472656,4,26.799999237060547,1.7000000476837158,40,24.724998474121094,13.579999923706055,29,18,13,14,30,26,22,26
37,9.774999618530273,21.029998779296875,6,73.41000366210938,2.299999952316284,36,18.540000915527344,15.454999923706055,42,11.114999771118164,21.135000228881836,3,30.190000534057617,1.149999976158142,40,25.450000762939453,13.539999961853027,44,11.479999542236328,20.439998626708984,3,27.729999542236328,1.2999999523162842,40,21.53499984741211,14.414999961853027,43,12.289999961853027,19.849998474121094,2,22.559999465942383,1.159999966621399,43,22.3799991607666,13.629999160766602,20,25,8,29,24,26,24,26
41,10.610000610351562,20.895000457763672,4,78.25,1.6399999856948853,37,25.014999389648438,13.795000076293945,44,10.985000610351562,20.53499984741211,4,33.08000183105469,1.4700000286102295,39,25.025001525878906,13.829999923706055,46,11.119999885559082,21.44499969482422,1,71.66999816894531,1.3899999856948853,41,21.274999618530273,15.494998931884766,44,11.824999809265137,19.81999969482422,5,34.81999969482422,1.5299999713897705,38,25.290000915527344,13.675000190734863,15,21,33,18,24,22,30,20
43,11.809999465942383,20.299999237060547,3,85.61000061035156,1.6399999856948853,39,15.695000648498535,16.635000228881836,42,10.75,21.130001068115234,3,68.06999969482422,2.0,36,24.065000534057617,13.764999389648438,39,11.274999618530273,20.400001525878906,5,70.08000183105469,1.3300000429153442,37,26.0,14.125,46,11.729999542236328,19.924999237060547,4,63.720001220703125,1.7999999523162842,41,25.364999771118164,13.014999389648438,19,0,16,0,22,20,28,22
43,11.094999313354492,20.685001373291016,5,75.75,2.190000057220459,39,16.795000076293945,16.905000686645508,47,12.53499984741211,20.575000762939453,0,100.0,-1.0,43,13.860000610351562,18.030000686645508,45,11.21500015258789,20.799999237060547,3,79.36000061035156,1.440000057220459,40,22.424999237060547,14.684999465942383,44,12.819999694824219,19.985000610351562,0,100.0,-1.0,44,16.5,17.079999923706055,17,31,41,38,26,30,24,24
42,11.085000038146973,20.825000762939453,4,32.650001525878906,1.340000033378601,36,10.815000534057617,19.09000015258789,37,9.34000015258789,21.369998931884766,6,66.45999908447266,2.2699999809265137,37,10.809999465942383,19.060001373291016,39,10.514999389648438,20.30500030517578,6,63.18000030517578,1.4600000381469727,36,25.235000610351562,13.684999465942383,43,11.055000305175781,20.485000610351562,7,66.19999694824219,2.009999990463257,37,25.80500030517578,15.129999160766602,25,32,15,9,22,24,20,28
42,11.305000305175781,20.684999465942383,4,31.850000381469727,1.590000033378601,37,12.369999885559082,16.735000610351562,42,11.71500015258789,20.30500030517578,4,78.19999694824219,1.350000023841858,39,17.56999969482422,15.119999885559082,42,10.745000839233398,21.05500030517578,2,89.01000213623047,1.0499999523162842,37,23.90999984741211,14.744999885559082,45,11.970000267028809,19.90999984741211,2,28.739999771118164,0.7200000286102295,42,24.564998626708984,13.50999927520752,27,17,0,0,26,30,22,20
40,11.030000686645508,20.299999237060547,6,61.2599983215332,2.0799999237060547,39,14.350000381469727,16.940000534057617,45,11.524999618530273,20.654998779296875,4,73.36000061035156,1.5099999904632568,39,24.329998016357422,13.614999771118164,43,11.96500015258789,21.15999984741211,0,100.0,-1.0,40,13.970000267028809,18.364999771118164,49,14.190000534057617,19.045000076293945,0,0.0,-1.0,50,15.995000839233398,16.864999771118164,0,1,16,37,24,30,28,20
43,11.03499984741211,20.80500030517578,0,100.0,-1.0,41,10.010000228881836,21.790000915527344,44,12.135000228881836,20.165000915527344,2,29.719999313354492,0.38999998569488525,44,20.6299991607666,14.630000114440918,41,10.565000534057617,20.65999984741211,5,72.97000122070312,2.440000057220459,37,9.225000381469727,21.104999542236328,42,12.395000457763672,18.735000610351562,5,46.66999816894531,1.6299999952316284,35,14.854999542236328,16.959999084472656,21,0,32,20,30,24,20,28
41,10.505000114440918,21.334999084472656,4,35.72999954223633,1.659999966621399,35,10.145000457763672,20.46500015258789,46,12.595000267028809,20.380001068115234,0,0.0,-1.0,42,11.995000839233398,20.470001220703125,38,10.094999313354492,20.774999618530273,6,70.12999725341797,1.9800000190734863,37,20.489999771118164,15.425000190734863,42,11.130000114440918,20.494998931884766,4,39.77000045776367,1.5299999713897705,40,25.540000915527344,14.194999694824219,14,14,1,23,26,24,30,26
42,11.055000305175781,20.869998931884766,3,74.55000305175781,1.7899999618530273,39,14.305000305175781,16.700000762939453,44,11.149999618530273,21.334999084472656,3,23.809999465942383,1.5700000524520874,42,10.630000114440918,21.045000076293945,40,10.030000686645508,20.90999984741211,1,89.61000061035156,0.33000001311302185,36,9.619999885559082,20.920000076293945,44,11.569999694824219,20.670000076293945,4,27.6299991607666,1.6100000143051147,40,24.649999618530273,13.654999732971191,12,1,12,0,24,28,28,26
35,9.085000038146973,21.75,2,88.16999816894531,1.2400000095367432,34,8.529999732971191,22.010000228881836,42,11.264999389648438,21.634998321533203,1,13.369999885559082,0.6200000047683716,39,9.645000457763672,22.704999923706055,44,13.414999961853027,19.40999984741211,3,80.94000244140625,1.3200000524520874,45,14.664999961853027,17.045000076293945,49,13.610000610351562,18.975000381469727,0,0.0,-1.0,43,14.704999923706055,16.690000534057617,0,21,5,9,22,20,24,26
40,9.40999984741211,22.575000762939453,0,100.0,-1.0,39,9.194999694824219,22.690000534057617,35,8.255000114440918,22.93000030517578,5,56.4900016784668,3.119999885559082,30,6.744999885559082,23.654998779296875,47,13.140000343322754,19.040000915527344,1,94.4000015258789,0.11999999731779099,42,14.754999160766602,16.84000015258789,40,11.40999984741211,20.389999389648438,3,18.15999984741211,1.909999966621399,38,9.654999732971191,22.584999084472656,16,31,5,7,20,26,24,22
42,10.575000762939453,21.645000457763672,4,33.41999816894531,1.5299999713897705,37,10.359999656677246,20.470001220703125,39,9.885000228881836,21.6299991607666,6,65.41999816894531,1.8799999952316284,40,19.479999542236328,16.84000015258789,45,12.03499984741211,20.229999542236328,2,84.08000183105469,0.8399999737739563,43,11.03499984741211,21.299999237060547,40,9.824999809265137,22.005001068115234,2,75.87000274658203,1.8200000524520874,35,8.3149995803833,23.075000762939453,3,17,15,27,28,30,24,28
38,9.774999618530273,22.03499984741211,1,84.4800033569336,1.1100000143051147,39,9.690000534057617,21.899999618530273,44,11.930000305175781,20.295000076293945,3,75.41999816894531,1.149999976158142,39,24.90999984741211,13.070000648498535,43,11.850000381469727,20.260000228881836,3,81.12999725341797,1.149999976158142,44,15.595000267028809,16.90999984741211,37,9.735000610351562,21.25,9,41.16999816894531,4.239999771118164,34,8.75,21.434999465942383,48,18,34,27,26,28,22,30
38,9.604999542236328,21.135000228881836,9,56.060001373291016,2.190000057220459,32,25.225000381469727,13.8149995803833,43,11.579999923706055,20.540000915527344,4,45.41999816894531,1.0499999523162842,39,23.130001068115234,13.925000190734863,43,11.194999694824219,20.329999923706055,5,70.44000244140625,1.3600000143051147,37,17.924999237060547,14.630000114440918,43,11.380000114440918,20.020000457763672,5,29.969999313354492,2.0399999618530273,39,13.569999694824219,16.905000686645508,0,19,13,16,24,22,26,30
44,11.684999465942383,20.704999923706055,0,100.0,-1.0,43,17.09000015258789,16.364999771118164,41,10.614999771118164,21.100000381469727,3,22.260000228881836,1.649999976158142,37,24.03499984741211,14.529999732971191,44,11.225000381469727,20.56999969482422,3,84.5,1.4900000095367432,38,17.639999389648438,15.905000686645508,43,13.225000381469727,18.924999237060547,3,25.09000015258789,1.3700000047683716,36,10.869999885559082,20.530000686645508,16,36,4,28,24,26,30,28
44,11.71500015258789,20.900001525878906,3,83.66999816894531,1.309999942779541,40,20.530000686645508,15.869999885559082,42,10.385000228881836,21.165000915527344,5,54.4900016784668,1.9600000381469727,38,24.520000457763672,13.915000915527344,39,11.055000305175781,20.404998779296875,1,90.12000274658203,0.20999999344348907,37,11.280000686645508,19.814998626708984,41,10.21500015258789,20.96500015258789,5,28.3700008392334,1.8600000143051147,42,15.114999771118164,17.524999618530273,5,34,14,26,20,30,22,24
36,9.505000114440918,21.040000915527344,1,95.1500015258789,0.20999999344348907,33,9.424999237060547,20.709999084472656,41,11.104999542236328,20.954999923706055,6,48.869998931884766,1.4500000476837158,35,28.03999900817871,13.255000114440918,41,11.364999771118164,20.385000228881836,4,40.439998626708984,1.090000033378601,38,10.635000228881836,19.670000076293945,43,12.020000457763672,20.119998931884766,4,59.290000915527344,1.600000023841858,38,19.84000015258789,14.329999923706055,28,27,16,7,22,30,26,24
41,10.139999389648438,21.639999389648438,6,69.81999969482422,1.7799999713897705,38,20.454999923706055,15.329999923706055,42,10.90999984741211,20.729999542236328,4,58.09000015258789,1.6299999952316284,36,26.5,12.99000072479248,42,11.170000076293945,20.639999389648438,3,68.98999786376953,2.890000104904175,42,17.604999542236328,15.779999732971191,44,11.805000305175781,20.455001831054688,1,27.75,0.2800000011920929,40,17.225000381469727,16.209999084472656,9,0,4,14,20,22,24,22
45,12.914999961853027,19.494998931884766,2,27.469999313354492,0.8999999761581421,38,14.850000381469727,16.565000534057617,46,11.954999923706055,20.5,0,100.0,-1.0,45,17.420000076293945,16.559999465942383,48,13.699999809265137,19.139999389648438,1,89.86000061035156,0.20999999344348907,43,17.145000457763672,15.825000762939453,46,11.960000038146973,20.264999389648438,3,70.55999755859375,1.7200000286102295,41,10.84000015258789,20.434999465942383,8,25,14,9,20,20,28,24
39,9.180000305175781,22.344999313354492,2,11.65999984741211,1.4299999475479126,38,9.280000686645508,22.174999237060547,40,10.825000762939453,20.775001525878906,5,48.290000915527344,1.090000033378601,39,23.59000015258789,14.855000495910645,42,11.120000839233398,20.545000076293945,3,80.80000305175781,1.440000057220459,39,9.609999656677246,21.560001373291016,40,9.970000267028809,21.854999542236328,2,30.219999313354492,0.5600000023841858,41,9.84000015258789,22.005001068115234,13,9,26,4,20,28,24,26
38,9.969999313354492,21.579999923706055,3,75.41000366210938,2.0899999141693115,35,9.399999618530273,21.670000076293945,46,11.770000457763672,20.665000915527344,2,16.5,1.3300000429153442,43,21.40999984741211,14.489999771118164,42,10.764999389648438,21.260000228881836,4,75.13999938964844,1.2699999809265137,41,15.574999809265137,17.049999237060547,36,8.989999771118164,21.720001220703125,1,79.70999908447266,1.2400000095367432,31,8.180000305175781,22.095001220703125,3,17,26,13,26,20,20,26
37,9.494999885559082,22.0,0,100.0,-1.0,40,9.719999313354492,21.899999618530273,44,11.920000076293945,20.369998931884766,3,26.260000228881836,1.4199999570846558,39,23.094999313354492,14.170000076293945,42,11.514999389648438,20.114999771118164,4,73.73999786376953,1.4199999570846558,38,22.155000686645508,14.425000190734863,39,10.319999694824219,20.490001678466797,4,35.470001220703125,2.109999895095825,37,9.725000381469727,20.990001678466797,0,16,12,8,28,24,20,22
41,9.454999923706055,22.510000228881836,0,100.0,-1.0,39,9.239999771118164,22.665000915527344,43,11.204999923706055,20.584999084472656,4,22.84000015258789,2.240000009536743,42,22.239999771118164,14.5600004196167,41,10.450000762939453,20.869998931884766,2,84.26000213623047,0.6499999761581421,35,8.574999809265137,21.505001068115234,46,12.684999465942383,20.049999237060547,2,15.710000038146973,1.0800000429153442,44,11.229999542236328,20.540000915527344,33,31,0,0,22,28,26,26
40,9.96500015258789,21.485000610351562,7,42.75,1.8200000524520874,35,20.270000457763672,15.039999961853027,44,11.055000305175781,21.06999969482422,6,40.08000183105469,1.9500000476837158,38,26.114999771118164,14.155000686645508,41,9.979999542236328,22.689998626708984,0,100.0,-1.0,42,10.630000114440918,22.149999618530273,35,8.649999618530273,22.485000610351562,0,0.0,-1.0,36,9.729999542236328,22.575000762939453,25,9,3,8,28,28,20,28
41,10.84000015258789,20.735000610351562,4,71.56999969482422,2.0199999809265137,37,23.924999237060547,14.010000228881836,40,11.399999618530273,20.760000228881836,2,17.670000076293945,1.5800000429153442,37,25.470001220703125,14.170000076293945,35,8.369999885559082,22.34000015258789,1,89.56999969482422,0.05000000074505806,32,7.394999980926514,23.025001525878906,40,11.079999923706055,20.514999389648438,2,16.739999771118164,1.4500000476837158,37,10.010000228881836,20.809999465942383,22,14,17,0,24,30,20,22
42,10.829999923706055,21.170000076293945,4,28.75,1.340000033378601,38,22.40999984741211,15.120000839233398,48,12.369999885559082,20.275001525878906,2,69.18000030517578,1.6399999856948853,43,21.03499984741211,13.960000038146973,39,9.875,21.489999771118164,3,81.23999786376953,1.2899999618530273,36,9.420000076293945,21.079999923706055,46,11.020000457763672,21.954999923706055,0,0.0,-1.0,46,10.944999694824219,22.075000762939453,17,33,23,27,30,28,26,24
40,11.629999160766602,20.064998626708984,3,74.37000274658203,1.9700000286102295,37,22.959999084472656,14.654999732971191,40,11.610000610351562,20.064998626708984,6,51.09000015258789,1.350000023841858,37,23.770000457763672,13.760000228881836,38,11.319999694824219,19.630001068115234,4,74.44999694824219,1.25,39,12.940000534057617,17.924999237060547,41,10.574999809265137,21.209999084472656,4,59.599998474121094,1.690000057220459,35,8.800000190734863,22.040000915527344,27,18,10,42,20,30,22,24
42,10.954999923706055,20.625,5,49.290000915527344,1.2200000286102295,34,19.885000228881836,14.389999389648438,45,10.819999694824219,20.895000457763672,3,19.809999465942383,1.8899999856948853,40,25.475000381469727,13.90999984741211,47,12.829999923706055,19.34000015258789,2,89.44000244140625,1.2799999713897705,42,11.635000228881836,19.130001068115234,38,9.744999885559082,20.46500015258789,8,58.970001220703125,2.009999990463257,38,13.655000686645508,17.69499969482422,20,0,0,0,26,20,28,22
39,10.329999923706055,20.479999542236328,3,71.20999908447266,2.7799999713897705,40,15.565000534057617,16.619998931884766,44,12.21500015258789,20.959999084472656,0,0.0,-1.0,41,13.65999984741211,18.40999984741211,40,10.264999389648438,21.994998931884766,0,100.0,-1.0,40,9.924999237060547,22.315000534057617,46,12.539999961853027,20.44499969482422,0,100.0,-1.0,38,13.520000457763672,19.354999542236328,0,0,18,11,22,24,28,30
45,12.065000534057617,20.155000686645508,0,100.0,-1.0,40,10.46500015258789,20.639999389648438,37,9.139999389648438,22.380001068115234,0,0.0,-1.0,37,9.680000305175781,22.434999465942383,43,11.96500015258789,20.350000381469727,4,76.05999755859375,1.9299999475479126,41,11.869999885559082,19.514999389648438,41,9.735000610351562,22.439998626708984,3,84.66999816894531,1.5700000524520874,40,7.920000076293945,24.115001678466797,30,0,1,21,24,30,26,24
39,10.25,21.165000915527344,6,71.93000030517578,2.119999885559082,38,12.6899995803833,17.720001220703125,45,10.475000381469727,22.349998474121094,0,0.0,-1.0,43,10.274999618530273,21.954999923706055,46,12.34000015258789,19.584999084472656,0,100.0,-1.0,44,11.614999771118164,20.029998779296875,40,9.575000762939453,21.25,5,40.2400016784668,1.9199999570846558,32,8.344999313354492,21.46500015258789,0,15,19,17,26,30,24,28
41,10.280000686645508,21.625,0,100.0,-1.0,37,9.680000305175781,22.31999969482422,39,9.520000457763672,21.775001525878906,3,64.54000091552734,1.8200000524520874,39,9.09000015258789,22.145000457763672,44,11.979999542236328,19.90999984741211,5,38.86000061035156,1.2200000286102295,42,17.764999389648438,16.110000610351562,29,8.729999542236328,22.005001068115234,5,63.959999084472656,3.490000009536743,24,6.855000019073486,22.689998626708984,15,22,41,9,28,28,20,30
39,10.664999961853027,20.549999237060547,4,81.0199966430664,2.6700000762939453,37,12.305000305175781,18.470001220703125,39,10.354999542236328,21.28499984741211,4,71.55000305175781,1.350000023841858,39,13.9350004196167,17.459999084472656,40,10.110000610351562,20.860000610351562,6,49.119998931884766,1.9800000190734863,34,17.665000915527344,14.854999542236328,41,9.880000114440918,22.03499984741211,3,31.040000915527344,1.350000023841858,40,9.295000076293945,22.43000030517578,23,0,16,7,28,30,26,24
44,11.795000076293945,20.020000457763672,5,30.940000534057617,1.9900000095367432,40,14.690000534057617,16.78499984741211,47,12.029999732971191,21.060001373291016,0,100.0,-1.0,41,10.024999618530273,21.579999923706055,41,11.944999694824219,19.795000076293945,3,78.37999725341797,1.2300000190734863,34,12.549999237060547,16.334999084472656,40,10.795000076293945,20.90999984741211,2,17.09000015258789,1.4199999570846558,39,10.074999809265137,21.93000030517578,23,32,5,3,20,26,24,26
39,11.014999389648438,19.96500015258789,4,70.52999877929688,1.940000057220459,33,11.444999694824219,17.420000076293945,37,9.555000305175781,21.584999084472656,6,71.87999725341797,2.240000009536743,30,8.489999771118164,22.209999084472656,43,10.789999961853027,21.025001525878906,2,86.43000030517578,0.8999999761581421,40,9.940000534057617,21.479999542236328,40,9.760000228881836,21.975000381469727,1,11.020000457763672,0.7599999904632568,38,8.985000610351562,23.125,5,33,23,6,30,26,24,30
41,10.014999389648438,21.779998779296875,2,88.87000274658203,1.1399999856948853,39,9.514999389648438,21.650001525878906,38,11.270000457763672,21.350000381469727,7,50.45000076293945,1.659999966621399,39,11.565000534057617,19.139999389648438,41,10.184999465942383,21.184999465942383,6,47.90999984741211,1.5800000429153442,42,17.09000015258789,16.895000457763672,40,10.15999984741211,21.21500015258789,1,80.16000366210938,1.309999942779541,39,9.300000190734863,22.280000686645508,39,7,1,11,24,24,24,20
40,10.739999771118164,20.375,7,55.18000030517578,2.140000104904175,37,22.764999389648438,13.989999771118164,44,10.640000343322754,20.990001678466797,1,80.69000244140625,2.0799999237060547,40,12.030000686645508,18.520000457763672,42,11.854999542236328,20.384998321533203,0,0.0,-1.0,37,11.510000228881836,20.345001220703125,40,10.430000305175781,21.4950008392334,3,85.0999984741211,1.7300000190734863,36,9.119999885559082,21.884998321533203,29,13,0,12,30,28,26,26
40,10.300000190734863,20.994998931884766,6,68.41999816894531,1.75,34,27.6200008392334,14.039999961853027,44,11.539999961853027,20.775001525878906,3,79.02999877929688,1.3799999952316284,42,11.864999771118164,19.25,38,9.569999694824219,22.395000457763672,0,0.0,-1.0,40,10.345000267028809,21.540000915527344,37,7.8949995040893555,23.885000228881836,3,31.790000915527344,1.2300000190734863,36,7.664999961853027,24.09000015258789,31,21,4,4,26,20,22,24
41,11.014999389648438,20.65999984741211,5,74.55000305175781,1.6200000047683716,35,28.045000076293945,13.569999694824219,41,10.819999694824219,20.549999237060547,5,47.09000015258789,1.1799999475479126,35,9.245000839233398,20.729999542236328,45,11.920000076293945,20.485000610351562,1,75.12000274658203,1.2400000095367432,42,11.824999809265137,20.095001220703125,39,9.8100004196167,21.81999969482422,1,15.479999542236328,1.0800000429153442,36,9.595000267028809,21.739999771118164,0,6,0,24,20,20,30,28
45,12.614999771118164,20.5,0,100.0,-1.0,42,15.25,17.6299991607666,45,12.09000015258789,20.885000228881836,1,80.66000366210938,2.109999895095825,39,9.699999809265137,21.940000534057617,39,9.28499984741211,23.189998626708984,0,100.0,-1.0,39,9.03499984741211,22.575000762939453,41,10.774999618530273,20.650001525878906,5,28.59000015258789,1.8300000429153442,40,13.059999465942383,18.114999771118164,22,0,15,18,26,20,22,20
41,11.21500015258789,20.614999771118164,4,80.23999786376953,1.6799999475479126,36,12.155000686645508,18.720001220703125,34,7.619999885559082,23.119998931884766,0,100.0,-1.0,34,8.375,22.595001220703125,44,11.96500015258789,19.93000030517578,3,81.12999725341797,1.4800000190734863,41,14.470000267028809,17.360000610351562,45,11.735000610351562,20.334999084472656,3,22.6299991607666,1.4299999475479126,41,17.770000457763672,16.094999313354492,9,17,24,1,30,24,28,30
45,11.860000610351562,20.489999771118164,2,88.8499984741211,1.0800000429153442,40,12.305000305175781,18.80500030517578,42,10.549999237060547,20.975000381469727,5,35.41999816894531,1.9700000286102295,41,11.039999961853027,19.709999084472656,43,12.059999465942383,20.104999542236328,5,70.51000213623047,1.7599999904632568,42,17.864999771118164,16.329999923706055,36,8.515000343322754,22.780000686645508,0,82.73999786376953,-1.0,33,7.75,23.614999771118164,12,42,26,14,28,22,26,22
39,10.610000610351562,20.795000076293945,3,83.48999786376953,1.559999942779541,40,10.984999656677246,20.28499984741211,37,10.345000267028809,20.904998779296875,6,46.58000183105469,1.8600000143051147,35,15.950000762939453,16.81999969482422,44,11.380000114440918,20.209999084472656,4,79.4800033569336,1.6200000047683716,39,24.700000762939453,13.379999160766602,35,9.864999771118164,20.80500030517578,3,30.719999313354492,1.4800000190734863,33,9.405000686645508,20.619998931884766,30,8,36,0,24,26,24,28
40,10.595000267028809,20.560001373291016,6,65.06999969482422,1.6100000143051147,37,23.40999984741211,14.424999237060547,44,11.760000228881836,20.270000457763672,2,89.7699966430664,1.5199999809265137,39,25.865001678466797,13.104999542236328,43,11.739999771118164,19.885000228881836,7,55.619998931884766,1.3200000524520874,37,28.149999618530273,13.350000381469727,35,8.710000038146973,23.255001068115234,0,0.0,-1.0,35,7.914999961853027,24.270000457763672,15,16,12,0,28,30,26,22
42,11.100000381469727,21.309999465942383,3,32.33000183105469,1.25,38,16.375,16.53499984741211,44,11.245000839233398,20.485000610351562,4,35.459999084472656,1.4299999475479126,41,22.80500030517578,14.154999732971191,46,11.870000839233398,20.125,2,66.19000244140625,1.5399999618530273,41,22.709999084472656,13.894999504089355,41,9.704999923706055,23.064998626708984,0,0.0,-1.0,42,10.319999694824219,22.354999542236328,0,21,4,36,26,26,24,22
41,10.135000228881836,21.869998931884766,0,0.0,-1.0,39,9.399999618530273,23.119998931884766,43,12.15999984741211,20.184999465942383,3,65.27999877929688,1.899999976158142,40,23.40999984741211,14.039999961853027,41,12.375,19.844999313354492,2,33.099998474121094,0.4000000059604645,43,19.435001373291016,15.204999923706055,40,10.235000610351562,20.93000030517578,7,37.5099983215332,2.240000009536743,36,11.324999809265137,18.719999313354492,26,14,0,34,26,20,24,30
39,10.420000076293945,20.755001068115234,6,62.38999938964844,2.359999895095825,34,11.020000457763672,17.850000381469727,44,11.210000038146973,20.549999237060547,3,34.45000076293945,0.7200000286102295,40,15.899999618530273,14.78499984741211,41,10.720000267028809,21.579999923706055,0,0.0,-1.0,37,10.03499984741211,21.779998779296875,40,10.875,21.244998931884766,5,57.59000015258789,1.6100000143051147,36,12.954999923706055,17.149999618530273,0,21,0,44,30,22,26,20
38,9.380000114440918,22.15999984741211,0,100.0,-1.0,38,9.21500015258789,22.579999923706055,44,11.404999732971191,20.329999923706055,4,21.270000457763672,2.25,40,13.420000076293945,18.55500030517578,35,7.7300004959106445,23.994998931884766,0,0.0,-1.0,33,7.585000038146973,23.389999389648438,42,11.594999313354492,20.259998321533203,7,62.54999923706055,1.6100000143051147,38,24.040000915527344,13.609999656677246,41,41,12,21,26,20,28,26
43,10.135000228881836,21.6299991607666,8,51.060001373291016,1.9700000286102295,38,19.639999389648438,15.574999809265137,40,10.350000381469727,21.095001220703125,5,61.529998779296875,1.5299999713897705,36,18.764999389648438,17.029998779296875,40,10.920000076293945,20.43000030517578,2,67.5999984741211,1.840000033378601,41,14.170000076293945,17.369998931884766,44,11.045000076293945,20.485000610351562,4,28.059999465942383,1.559999942779541,35,26.56999969482422,13.385000228881836,23,16,41,0,20,26,24,24
41,10.770000457763672,20.81999969482422,3,70.68000030517578,1.899999976158142,34,22.15999984741211,15.324999809265137,43,11.255000114440918,20.830001831054688,5,34.84000015258789,1.5700000524520874,38,27.985000610351562,13.119999885559082,40,10.09000015258789,20.334999084472656,8,62.9900016784668,2.559999942779541,33,12.585000038146973,17.665000915527344,47,12.949999809265137,20.135000228881836,0,0.0,-1.0,46,16.225000381469727,17.170000076293945,6,6,26,21,30,28,26,24
41,10.774999618530273,21.315000534057617,2,88.13999938964844,1.3200000524520874,39,11.675000190734863,20.049999237060547,44,12.524999618530273,20.03499984741211,1,16.989999771118164,0.9800000190734863,42,20.854999542236328,13.835000038146973,44,12.135000228881836,20.095001220703125,4,75.19000244140625,1.3600000143051147,40,24.845001220703125,13.52500057220459,44,11.395000457763672,20.635000228881836,5,27.5,2.0899999141693115,42,13.680000305175781,17.889999389648438,0,0,0,17,28,20,22,30
40,9.925000190734863,22.264999389648438,0,100.0,-1.0,40,9.930000305175781,22.290000915527344,47,12.780000686645508,20.110000610351562,0,0.0,-1.0,43,14.300000190734863,18.110000610351562,48,12.949999809265137,19.829999923706055,0,100.0,-1.0,45,13.504999160766602,18.604999542236328,42,11.524999618530273,20.885000228881836,3,25.34000015258789,1.3799999952316284,37,11.630000114440918,18.334999084472656,11,5,16,21,20,30,30,20
38,8.925000190734863,22.459999084472656,3,20.31999969482422,1.4199999570846558,29,6.935000419616699,22.395000457763672,45,11.635000228881836,21.364999771118164,2,15.149999618530273,1.3899999856948853,46,11.84000015258789,21.325000762939453,42,10.264999389648438,21.454999923706055,3,85.45999908447266,1.5,37,11.234999656677246,19.0,41,11.225000381469727,20.350000381469727,4,63.349998474121094,1.7400000095367432,34,10.350000381469727,18.560001373291016,0,23,19,13,20,24,24,24
35,8.364999771118164,23.190000534057617,0,0.0,-1.0,40,9.569999694824219,22.780000686645508,43,10.694999694824219,20.834999084472656,3,71.41999816894531,2.2300000190734863,41,17.209999084472656,16.614999771118164,37,10.555000305175781,20.829999923706055,4,76.0199966430664,1.590000033378601,33,9.514999389648438,20.565000534057617,38,9.125,22.125,3,29.860000610351562,1.2699999809265137,32,7.590000152587891,22.869998931884766,6,20,0,27,22,22,22,20
43,11.460000038146973,20.240001678466797,2,80.44999694824219,2.009999990463257,42,13.719999313354492,17.904998779296875,41,10.930000305175781,21.165000915527344,4,34.619998931884766,1.2599999904632568,35,19.854999542236328,15.069999694824219,35,8.09000015258789,23.704999923706055,0,100.0,-1.0,34,7.925000190734863,23.880001068115234,39,10.125,21.279998779296875,6,30.299999237060547,2.880000114440918,37,8.770000457763672,21.900001525878906,5,7,9,1,28,22,22,26
39,10.135000228881836,21.814998626708984,1,94.02999877929688,0.1899999976158142,38,9.390000343322754,22.75,41,11.450000762939453,20.079999923706055,2,71.77999877929688,1.600000023841858,36,8.75,21.575000762939453,35,8.1850004196167,22.904998779296875,1,94.66000366210938,0.05000000074505806,34,7.974999904632568,22.764999389648438,35,8.300000190734863,22.604999542236328,1,79.7300033569336,1.2400000095367432,32,7.890000343322754,23.599998474121094,6,4,1,0,26,24,30,28
36,8.640000343322754,21.975000381469727,2,23.709999084472656,0.6700000166893005,30,8.130000114440918,21.510000228881836,44,10.130000114440918,22.279998779296875,1,93.98999786376953,0.20999999344348907,46,11.074999809265137,21.559999465942383,34,8.09000015258789,22.854999542236328,2,83.88999938964844,0.7400000095367432,34,8.190000534057617,23.114999771118164,42,10.03499984741211,22.454999923706055,0,100.0,-1.0,43,10.390000343322754,22.309999465942383,24,28,5,31,30,26,30,24
37,9.729999542236328,21.09000015258789,5,64.04000091552734,1.9700000286102295,40,21.1299991607666,15.229999542236328,43,10.074999809265137,21.799999237060547,6,48.29999923706055,1.7899999618530273,39,19.454999923706055,17.09000015258789,44,12.744999885559082,19.71500015258789,2,30.920000076293945,0.46000000834465027,45,13.324999809265137,18.674999237060547,44,10.585000038146973,20.524999618530273,6,49.83000183105469,1.5399999618530273,43,12.539999961853027,17.969999313354492,4,19,43,15,20,22,26,28
46,12.145000457763672,20.80500030517578,1,92.05999755859375,0.15000000596046448,41,15.944999694824219,16.15999984741211,36,10.545000076293945,21.34000015258789,4,29.989999771118164,1.5099999904632568,33,24.985000610351562,14.304999351501465,40,10.194999694824219,20.595001220703125,7,42.7599983215332,1.9299999475479126,36,15.664999961853027,16.489999771118164,39,11.565000534057617,20.154998779296875,3,24.479999542236328,1.440000057220459,32,10.055000305175781,20.575000762939453,8,24,15,13,30,26,24,20
40,10.0,21.290000915527344,3,85.30999755859375,1.809999942779541,39,10.674999237060547,20.185001373291016,43,10.354999542236328,21.59000015258789,4,24.299999237060547,1.7699999809265137,38,23.8700008392334,14.03499984741211,46,11.489999771118164,20.204999923706055,3,79.36000061035156,1.340000033378601,41,24.075000762939453,13.65999984741211,40,10.370000839233398,21.045000076293945,2,18.93000030517578,1.309999942779541,35,8.130000114440918,23.084999084472656,0,7,15,11,28,30,26,24
41,9.565000534057617,22.744998931884766,0,100.0,-1.0,39,9.180000305175781,22.71500015258789,44,11.744999885559082,20.309999465942383,1,81.83000183105469,1.7100000381469727,42,21.209999084472656,14.225000381469727,43,12.149999618530273,20.18000030517578,2,90.0,1.3200000524520874,39,24.065000534057617,14.770000457763672,33,8.069999694824219,22.565000534057617,3,21.06999969482422,1.9500000476837158,31,7.345000267028809,23.55500030517578,17,6,19,6,22,28,24,30
42,11.100000381469727,20.845001220703125,4,81.4800033569336,2.3499999046325684,36,12.280000686645508,18.110000610351562,44,11.279999732971191,20.115001678466797,1,89.4800033569336,0.18000000715255737,39,10.359999656677246,20.454999923706055,39,11.729999542236328,20.25,5,74.30000305175781,1.7300000190734863,37,24.420000076293945,14.184999465942383,39,9.164999961853027,22.6200008392334,2,14.25,1.190000057220459,33,7.819999694824219,22.905000686645508,16,0,12,9,20,30,30,20
37,8.690000534057617,22.455001831054688,4,79.0,1.649999976158142,32,7.710000038146973,22.375,41,10.375,22.989999771118164,0,100.0,-1.0,41,9.805000305175781,23.125,44,12.020000457763672,19.700000762939453,3,35.84000015258789,0.8799999952316284,39,14.265000343322754,16.780000686645508,30,7.769999980926514,22.770000457763672,3,19.93000030517578,1.9500000476837158,30,7.204999923706055,24.389999389648438,10,29,0,5,20,24,24,30
37,9.175000190734863,21.889999389648438,3,83.63999938964844,1.2899999618530273,38,10.875,20.34000015258789,38,10.079999923706055,21.579999923706055,5,67.58000183105469,1.440000057220459,35,8.994999885559082,21.40999984741211,43,10.774999618530273,21.875,0,0.0,-1.0,41,10.154999732971191,22.135000228881836,32,7.25,23.349998474121094,1,79.88999938964844,1.2400000095367432,33,7.014999866485596,24.05500030517578,7,20,22,0,24,28,28,24
43,10.96500015258789,21.174999237060547,2,87.97000122070312,0.9100000262260437,41,11.305000305175781,20.325000762939453,43,10.300000190734863,21.190000534057617,5,42.099998474121094,1.7400000095367432,36,10.625,19.854999542236328,44,11.675000190734863,20.43000030517578,4,59.77000045776367,2.6600000858306885,41,13.050000190734863,18.209999084472656,43,9.78499984741211,22.639999389648438,0,100.0,-1.0,44,9.949999809265137,22.864999771118164,21,6,23,1,24,30,24,20
43,10.53499984741211,21.889999389648438,4,78.55000305175781,1.4500000476837158,38,17.90999984741211,15.254999160766602,38,9.529999732971191,22.005001068115234,1,81.0,2.180000066757202,30,6.465000152587891,23.334999084472656,44,11.885000228881836,19.7549991607666,4,76.66000366210938,1.4800000190734863,41,19.975000381469727,15.430000305175781,38,9.454999923706055,22.43000030517578,1,24.479999542236328,0.07999999821186066,35,8.524999618530273,23.014999389648438,10,17,16,6,30,30,30,26
42,11.550000190734863,20.065000534057617,3,25.780000686645508,1.659999966621399,38,11.295000076293945,19.599998474121094,32,8.994999885559082,21.03499984741211,4,82.44000244140625,2.5299999713897705,40,11.109999656677246,20.299999237060547,41,11.819999694824219,20.099998474121094,3,79.5,1.3300000429153442,39,23.364999771118164,14.110000610351562,30,8.420000076293945,22.854999542236328,2,75.87999725341797,1.8200000524520874,31,8.75,22.65999984741211,40,10,0,34,20,24,28,20
40,10.244999885559082,20.934999465942383,7,42.2400016784668,1.9800000190734863,37,22.91499900817871,15.069999694824219,45,11.170000076293945,20.860000610351562,3,30.6299991607666,1.2100000381469727,39,9.664999961853027,21.755001068115234,48,13.114999771118164,19.854999542236328,0,100.0,-1.0,48,15.194999694824219,17.610000610351562,42,10.0,21.405000686645508,6,49.380001068115234,1.5299999713897705,38,10.675000190734863,18.875,0,21,7,0,30,24,20,30
40,10.219999313354492,22.115001678466797,0,0.0,-1.0,36,10.75,20.630001068115234,41,10.005000114440918,21.955001831054688,4,25.219999313354492,1.8799999952316284,41,16.235000610351562,18.030000686645508,46,10.979999542236328,21.119998931884766,2,85.55000305175781,0.9599999785423279,38,8.989999771118164,22.420000076293945,37,9.78499984741211,21.204999923706055,0,0.0,-1.0,33,8.46500015258789,22.325000762939453,16,19,29,4,28,22,30,20
41,10.875,20.510000228881836,3,20.25,1.8700000047683716,40,15.985000610351562,16.864999771118164,43,11.319999694824219,20.665000915527344,3,63.650001525878906,1.5099999904632568,40,19.380001068115234,14.800000190734863,35,9.75,21.635000228881836,7,52.970001220703125,1.690000057220459,36,12.104999542236328,18.665000915527344,42,11.135000228881836,21.270000457763672,1,78.12000274658203,0.9700000286102295,43,11.0,21.799999237060547,5,4,9,0,20,22,20,20
41,11.229999542236328,20.239999771118164,1,15.680000305175781,1.059999942779541,40,10.110000610351562,21.71500015258789,46,11.914999961853027,20.40999984741211,1,88.12000274658203,0.1599999964237213,41,14.09000015258789,17.119998931884766,46,12.600000381469727,19.779998779296875,1,74.86000061035156,1.659999966621399,41,12.800000190734863,17.934999465942383,41,10.350000381469727,21.899999618530273,0,100.0,-1.0,40,9.565000534057617,22.7549991607666,10,31,39,32,22,26,26,24
37,8.690000534057617,22.364999771118164,3,18.260000228881836,1.909999966621399,32,7.910000324249268,22.389999389648438,40,10.854999542236328,20.854999542236328,6,50.15999984741211,1.399999976158142,36,9.710000038146973,21.014999389648438,41,9.985000610351562,21.200000762939453,7,62.060001373291016,1.7899999618530273,35,10.079999923706055,19.700000762939453,40,9.255000114440918,21.895000457763672,6,57.04999923706055,1.9199999570846558,35,10.03499984741211,20.584999084472656,5,0,29,11,30,30,22,26
39,10.229999542236328,21.904998779296875,1,84.44000244140625,1.1100000143051147,39,10.430000305175781,21.564998626708984,43,10.774999618530273,21.759998321533203,0,0.0,-1.0,42,10.324999809265137,22.315000534057617,38,11.104999542236328,20.165000915527344,5,55.97999954223633,0.9800000190734863,28,9.065000534057617,18.75,43,12.510000228881836,19.775001525878906,2,33.27000045776367,0.7900000214576721,44,14.805000305175781,16.65999984741211,1,0,0,0,24,20,30,24
43,11.024999618530273,21.25,1,93.47000122070312,0.10000000149011612,41,10.609999656677246,20.700000762939453,41,9.145000457763672,23.31999969482422,0,0.0,-1.0,38,8.520000457763672,23.614999771118164,38,8.930000305175781,23.185001373291016,0,0.0,-1.0,42,10.449999809265137,22.55500030517578,48,11.985000610351562,20.650001525878906,0,0.0,-1.0,42,10.450000762939453,21.795000076293945,19,30,17,29,30,24,28,30
42,10.53499984741211,21.399999618530273,5,33.33000183105469,1.8600000143051147,37,14.204999923706055,16.844999313354492,37,9.444999694824219,21.595001220703125,7,37.040000915527344,2.4200000762939453,35,9.78499984741211,20.545000076293945,43,12.074999809265137,20.450000762939453,3,61.400001525878906,1.649999976158142,43,21.729999542236328,14.700000762939453,39,9.90999984741211,21.274999618530273,5,59.04999923706055,1.9900000095367432,38,11.104999542236328,19.434999465942383,7,26,18,22,26,20,30,22
39,10.764999389648438,20.950000762939453,1,11.550000190734863,1.440000057220459,39,10.585000038146973,20.939998626708984,43,11.309999465942383,20.510000228881836,4,57.619998931884766,1.8700000047683716,38,10.145000457763672,19.735000610351562,46,12.15999984741211,19.299999237060547,3,81.19000244140625,1.309999942779541,43,24.189998626708984,13.430000305175781,41,11.440000534057617,20.599998474121094,4,45.279998779296875,1.340000033378601,38,12.524999618530273,17.860000610351562,4,1,40,19,22,22,28,22
38,9.1850004196167,22.994998931884766,1,84.22000122070312,1.2699999809265137,36,8.239999771118164,23.329999923706055,47,12.489999771118164,20.755001068115234,0,100.0,-1.0,44,11.085000038146973,22.110000610351562,43,11.985000610351562,19.475000381469727,6,65.69000244140625,1.5,36,28.924999237060547,13.40999984741211,42,10.664999961853027,21.310001373291016,3,70.3499984741211,1.9500000476837158,40,12.635000228881836,18.155000686645508,37,25,18,25,22,24,22,28
34,8.765000343322754,21.584999084472656,7,55.529998779296875,1.9800000190734863,31,17.690000534057617,15.684999465942383,42,11.030000686645508,20.920000076293945,5,70.20999908447266,2.140000104904175,40,12.925000190734863,18.30500030517578,41,11.489999771118164,20.189998626708984,3,80.12000274658203,1.3700000047683716,39,22.60999870300293,13.114999771118164,42,11.274999618530273,20.639999389648438,5,43.369998931884766,1.559999942779541,33,9.389999389648438,21.114999771118164,43,16,20,21,24,22,20,30
37,10.199999809265137,20.514999389648438,6,50.4900016784668,1.5399999618530273,33,28.920000076293945,13.039999961853027,43,10.675000190734863,21.25,4,34.720001220703125,1.309999942779541,38,12.895000457763672,18.075000762939453,39,9.229999542236328,22.275001525878906,4,76.19000244140625,1.4800000190734863,27,7.380000114440918,20.524999618530273,45,11.530000686645508,20.450000762939453,4,23.40999984741211,1.8799999952316284,41,10.369999885559082,20.380001068115234,20,10,0,34,28,24,20,22
41,11.430000305175781,20.369998931884766,3,75.5199966430664,2.2899999618530273,35,24.764999389648438,14.600000381469727,43,11.559999465942383,20.280000686645508,1,12.890000343322754,1.2899999618530273,40,10.494999885559082,20.799999237060547,31,6.329999923706055,25.385000228881836,0,100.0,-1.0,31,6.574999809265137,25.165000915527344,40,11.309999465942383,20.579999923706055,5,39.220001220703125,1.5,38,14.71500015258789,17.91499900817871,15,23,10,19,20,26,26,24
42,11.09000015258789,20.975000381469727,4,76.87000274658203,1.2100000381469727,38,20.75,15.220000267028809,41,10.924999237060547,21.610000610351562,6,56.84000015258789,4.070000171661377,36,9.1850004196167,22.110000610351562,33,7.925000190734863,22.81999969482422,3,81.8499984741211,1.7599999904632568,33,8.225000381469727,22.845001220703125,36,9.395000457763672,21.190000534057617,3,30.350000381469727,1.159999966621399,29,9.420000076293945,19.459999084472656,9,15,0,15,20,30,30,28
44,11.055000305175781,21.494998931884766,2,87.83000183105469,0.8199999928474426,43,18.735000610351562,16.05500030517578,42,11.109999656677246,21.06999969482422,4,38.20000076293945,1.340000033378601,42,14.725000381469727,17.55500030517578,41,10.25,22.329999923706055,0,100.0,-1.0,41,10.049999237060547,22.170000076293945,39,10.270000457763672,22.025001525878906,3,71.5,1.850000023841858,38,10.130000114440918,21.2549991607666,9,34,48,25,26,26,30,20
45,11.824999809265137,20.350000381469727,2,30.299999237060547,0.550000011920929,41,15.809999465942383,17.815000534057617,42,10.1899995803833,21.954999923706055,6,37.040000915527344,1.8600000143051147,36,26.395000457763672,14.654999732971191,42,10.944999694824219,20.19499969482422,8,59.779998779296875,1.9600000381469727,41,16.619998931884766,16.244998931884766,40,9.799999237060547,21.564998626708984,5,44.54999923706055,1.4199999570846558,36,14.254999160766602,18.21500015258789,0,17,21,18,28,22,20,22
44,11.145000457763672,21.739999771118164,0,0.0,-1.0,41,9.994999885559082,22.094999313354492,42,10.795000076293945,21.404998779296875,2,76.31999969482422,2.1500000953674316,41,22.744998931884766,14.425000190734863,42,12.364999771118164,19.494998931884766,4,45.369998931884766,0.8999999761581421,38,26.400001525878906,12.914999961853027,43,10.805000305175781,21.165000915527344,3,26.709999084472656,1.2100000381469727,39,12.704999923706055,17.880001068115234,12,35,4,12,28,28,24,26
38,9.680000305175781,20.825000762939453,2,12.4399995803833,1.9800000190734863,37,12.800000190734863,18.360000610351562,41,10.5649995803833,21.139999389648438,7,52.310001373291016,1.5700000524520874,35,26.229999542236328,13.779999732971191,47,12.15999984741211,20.56999969482422,0,81.16999816894531,-1.0,45,19.510000228881836,15.404999732971191,43,10.835000038146973,20.979999542236328,2,73.5999984741211,1.309999942779541,41,9.954999923706055,21.470001220703125,1,15,17,9,30,30,28,30
39,9.944999694824219,21.59000015258789,1,9.649999618530273,0.8600000143051147,38,10.530000686645508,20.755001068115234,46,11.329999923706055,21.165000915527344,2,74.9000015258789,2.0,39,23.895000457763672,13.704999923706055,46,12.46500015258789,20.360000610351562,4,40.33000183105469,1.159999966621399,43,22.354999542236328,13.75,33,7.510000228881836,23.56999969482422,2,29.8700008392334,0.5899999737739563,27,6.510000228881836,24.255001068115234,25,5,26,6,26,26,26,30
40,10.5,20.924999237060547,4,32.22999954223633,1.5800000429153442,40,21.095001220703125,15.789999008178711,39,11.09000015258789,20.479999542236328,1,94.31999969482422,0.20999999344348907,34,11.569999694824219,19.755001068115234,43,12.049999237060547,19.954999923706055,4,55.84000015258789,1.7000000476837158,37,26.849998474121094,13.710000038146973,33,8.734999656677246,22.739999771118164,2,18.229999542236328,1.3700000047683716,32,8.020000457763672,23.225000381469727,28,24,9,4,22,30,26,20
40,10.940000534057617,20.735000610351562,5,35.29999923706055,1.899999976158142,33,25.90999984741211,13.989999771118164,38,10.370000839233398,21.600000381469727,6,40.849998474121094,2.1700000762939453,36,10.190000534057617,21.470001220703125,46,11.770000457763672,20.424999237060547,1,93.7699966430664,0.3100000023841858,43,21.755001068115234,14.625,37,8.704999923706055,22.65999984741211,1,9.800000190734863,0.8500000238418579,38,8.34000015258789,23.170000076293945,20,19,0,25,24,22,28,20
42,11.530000686645508,20.125,4,71.19999694824219,2.140000104904175,37,11.46500015258789,19.139999389648438,40,11.015000343322754,21.470001220703125,4,26.889999389648438,1.909999966621399,34,8.324999809265137,21.639999389648438,46,12.190000534057617,20.299999237060547,0,100.0,-1.0,42,12.664999961853027,18.415000915527344,30,7.034999847412109,22.224998474121094,8,53.790000915527344,4.989999771118164,18,4.170000076293945,25.05500030517578,0,6,12,22,24,30,26,30
42,10.46500015258789,22.290000915527344,0,100.0,-1.0,43,10.5,22.764999389648438,43,9.274999618530273,22.55500030517578,1,80.72000122070312,2.109999895095825,45,10.450000762939453,21.670000076293945,43,11.96500015258789,20.065000534057617,3,81.5,1.3300000429153442,45,15.879999160766602,17.060001373291016,38,9.944999694824219,21.670000076293945,5,40.720001220703125,1.8200000524520874,41,10.864999771118164,20.205001831054688,26,19,13,21,28,22,22,30
41,10.039999961853027,21.760000228881836,5,34.40999984741211,1.5800000429153442,37,13.030000686645508,17.6200008392334,41,10.295000076293945,21.18000030517578,4,73.61000061035156,1.590000033378601,38,16.959999084472656,16.424999237060547,41,11.094999313354492,20.485000610351562,2,87.01000213623047,1.1200000047683716,36,10.149999618530273,20.584999084472656,44,11.920000076293945,20.025001525878906,4,30.440000534057617,1.4199999570846558,41,20.260000228881836,15.554999351501465,0,18,5,30,20,24,28,22
36,8.725000381469727,21.959999084472656,0,0.0,-1.0,31,7.699999809265137,22.809999465942383,44,12.010000228881836,20.19499969482422,3,86.06999969482422,1.8899999856948853,40,13.719999313354492,17.220001220703125,40,9.635000228881836,22.220001220703125,2,30.530000686645508,0.46000000834465027,39,8.774999618530273,23.110000610351562,46,12.555000305175781,19.600000381469727,5,35.709999084472656,1.899999976158142,41,24.83500099182129,12.65999984741211,25,0,41,11,28,30,30,28
37,9.940000534057617,20.630001068115234,4,72.23999786376953,2.2899999618530273,38,21.7450008392334,14.670000076293945,48,12.934999465942383,20.114999771118164,0,100.0,-1.0,44,11.420000076293945,19.919998168945312,37,10.244999885559082,21.384998321533203,9,38.86000061035156,2.7899999618530273,33,12.020000457763672,18.204999923706055,43,11.34000015258789,20.665000915527344,2,15.760000228881836,1.059999942779541,39,21.385000228881836,14.910000801086426,47,21,21,6,22,24,30,24
43,11.154999732971191,20.71500015258789,9,52.540000915527344,1.7699999809265137,36,27.255001068115234,13.344999313354492,39,10.645000457763672,20.565000534057617,5,76.95999908447266,2.890000104904175,38,10.139999389648438,20.810001373291016,45,12.579999923706055,19.799999237060547,3,79.41000366210938,1.059999942779541,41,21.954999923706055,13.299999237060547,44,12.129999160766602,20.184999465942383,1,16.81999969482422,0.9900000095367432,44,13.139999389648438,18.845001220703125,27,9,19,23,30,26,20,22
42,11.0,20.650001525878906,4,43.150001525878906,1.309999942779541,36,23.700000762939453,13.699999809265137,45,10.994999885559082,21.630001068115234,2,82.69999694824219,0.8299999833106995,44,10.555000305175781,21.790000915527344,46,11.744999885559082,19.834999084472656,3,78.44000244140625,1.0399999618530273,42,13.5,17.415000915527344,42,11.699999809265137,20.110000610351562,4,31.719999313354492,1.3799999952316284,38,13.299999237060547,17.350000381469727,13,0,30,25,26,26,26,24
43,11.21500015258789,20.610000610351562,2,76.66000366210938,1.7999999523162842,39,22.389999389648438,15.085000038146973,42,10.569999694824219,22.119998931884766,0,100.0,-1.0,38,10.495000839233398,22.014999389648438,43,10.694999694824219,20.950000762939453,6,54.15999984741211,1.2799999713897705,38,16.75,16.020000457763672,44,11.434999465942383,20.5049991607666,4,32.29999923706055,1.340000033378601,38,13.219999313354492,16.934999465942383,22,26,1,45,28,20,20,22
39,10.789999961853027,20.5,3,78.63999938964844,1.0199999809265137,39,23.135000228881836,14.824999809265137,38,9.71500015258789,21.700000762939453,5,45.36000061035156,1.2200000286102295,33,8.479999542236328,21.7450008392334,40,11.239999771118164,21.060001373291016,0,0.0,-1.0,34,13.375,17.674999237060547,40,10.204999923706055,21.079999923706055,6,48.599998474121094,1.4900000095367432,38,17.78999900817871,17.514999389648438,26,32,10,6,30,26,26,28
41,11.805000305175781,19.84000015258789,5,74.30999755859375,1.590000033378601,36,26.549999237060547,13.765000343322754,40,10.225000381469727,21.135000228881836,7,40.529998779296875,2.119999885559082,41,13.930000305175781,17.815000534057617,37,8.954999923706055,22.90999984741211,3,63.939998626708984,2.109999895095825,35,8.805000305175781,22.899999618530273,44,11.494999885559082,20.665000915527344,2,14.180000305175781,1.2000000476837158,32,19.68000030517578,13.799999237060547,5,19,16,9,26,20,24,30
44,11.309999465942383,20.645000457763672,1,93.48999786376953,0.3100000023841858,42,19.524999618530273,15.5600004196167,44,12.010000228881836,20.389999389648438,3,29.549999237060547,1.2100000381469727,38,24.979999542236328,13.270000457763672,39,9.729999542236328,21.994998931884766,5,74.83000183105469,2.990000009536743,32,7.420000076293945,22.345001220703125,38,11.569999694824219,19.450000762939453,2,16.360000610351562,1.4800000190734863,42,12.194999694824219,19.610000610351562,9,1,13,12,26,28,20,20
44,11.670000076293945,20.650001525878906,1,93.16000366210938,0.18000000715255737,42,19.485000610351562,15.739999771118164,46,11.78499984741211,20.93000030517578,0,0.0,-1.0,44,13.795000076293945,17.844999313354492,34,10.34000015258789,20.814998626708984,3,80.44999694824219,1.5399999618530273,34,10.690000534057617,20.59000015258789,46,11.489999771118164,20.369998931884766,2,16.219999313354492,1.5099999904632568,38,8.614999771118164,21.71500015258789,25,48,18,0,24,24,20,20
38,10.675000190734863,20.610000610351562,5,74.6500015258789,1.6399999856948853,35,21.170000076293945,15.359999656677246,41,10.969999313354492,20.684999465942383,7,49.08000183105469,1.899999976158142,34,10.719999313354492,20.020000457763672,42,10.579999923706055,21.459999084472656,3,81.30000305175781,1.5,41,10.739999771118164,20.03499984741211,34,7.215000152587891,24.579999923706055,0,0.0,-1.0,36,7.614999771118164,24.880001068115234,1,16,27,28,22,28,28,30
40,10.104999542236328,21.440000534057617,1,93.2699966430664,0.17000000178813934,35,10.664999961853027,20.030000686645508,41,10.859999656677246,21.19499969482422,4,36.58000183105469,1.409999966621399,38,15.234999656677246,17.139999389648438,39,8.789999961853027,21.55500030517578,5,69.9000015258789,1.4700000286102295,28,6.605000019073486,20.735000610351562,40,10.84000015258789,21.014999389648438,6,57.7400016784668,2.2300000190734863,36,10.084999084472656,21.014999389648438,17,10,18,12,20,26,20,24
42,11.239999771118164,20.600000381469727,4,23.719999313354492,2.309999942779541,39,11.055000305175781,19.725000381469727,44,10.930000305175781,20.740001678466797,3,20.700000762939453,2.059999942779541,38,9.5,20.795000076293945,39,10.595000267028809,20.110000610351562,4,76.63999938964844,2.0899999141693115,39,13.140000343322754,18.114999771118164,44,11.210000038146973,20.559999465942383,3,29.18000030517578,1.600000023841858,40,9.635000228881836,21.869998931884766,0,7,12,2,20,26,20,24
35,8.149999618530273,23.329999923706055,0,0.0,-1.0,35,7.789999961853027,23.875,43,11.100000381469727,21.614999771118164,2,14.84000015258789,1.5199999809265137,43,10.315000534057617,22.415000915527344,41,12.055000305175781,19.760000228881836,2,86.05999755859375,0.8399999737739563,38,11.65999984741211,19.315000534057617,37,10.975000381469727,20.200000762939453,1,17.639999389648438,0.9399999976158142,36,9.395000457763672,21.220001220703125,31,45,0,21,24,20,26,20
37,9.914999961853027,21.34000015258789,6,61.959999084472656,2.259999990463257,35,22.03499984741211,14.754999160766602,38,9.135000228881836,22.240001678466797,7,50.58000183105469,2.2699999809265137,32,8.954999923706055,20.595001220703125,41,10.024999618530273,22.139999389648438,0,100.0,-1.0,44,10.739999771118164,21.470001220703125,35,8.594999313354492,22.475000381469727,5,42.04999923706055,2.3299999237060547,28,7.385000228881836,23.15999984741211,16,34,2,13,24,30,24,22
44,11.710000038146973,20.389999389648438,2,86.7699966430664,1.059999942779541,40,20.4950008392334,15.700000762939453,40,10.379999160766602,21.064998626708984,8,43.349998474121094,2.109999895095825,35,24.135000228881836,13.269999504089355,45,11.539999961853027,21.154998779296875,1,88.0999984741211,0.05000000074505806,39,10.270000457763672,21.350000381469727,36,8.975000381469727,22.53499984741211,4,33.65999984741211,2.069999933242798,34,7.859999656677246,23.584999084472656,11,23,9,15,28,22,24,24
45,12.130000114440918,20.25,2,87.2699966430664,1.2300000190734863,42,13.65999984741211,18.739999771118164,43,11.975000381469727,20.260000228881836,4,64.37000274658203,2.0999999046325684,37,27.790000915527344,12.779999732971191,38,9.514999389648438,21.704999923706055,2,86.69999694824219,0.9399999976158142,39,9.5,22.395000457763672,43,9.630000114440918,22.0,2,19.90999984741211,1.2300000190734863,40,8.59000015258789,23.05500030517578,12,0,20,6,22,24,22,22
41,11.555000305175781,20.404998779296875,2,88.47000122070312,1.2100000381469727,34,14.239999771118164,17.094999313354492,48,12.194999694824219,20.46500015258789,0,100.0,-1.0,46,17.59000015258789,15.950000762939453,40,10.565000534057617,21.30500030517578,4,76.18000030517578,1.7999999523162842,35,9.90999984741211,20.174999237060547,30,7.755000114440918,23.045000076293945,2,76.30999755859375,1.649999976158142,29,7.039999961853027,23.354999542236328,0,1,11,8,30,26,26,28
39,9.079999923706055,23.005001068115234,0,100.0,-1.0,40,8.989999771118164,23.280000686645508,44,12.104999542236328,20.184999465942383,2,29.200000762939453,0.3799999952316284,44,18.56999969482422,16.315000534057617,43,11.369999885559082,20.614999771118164,3,35.29999923706055,1.100000023841858,42,13.0649995803833,18.700000762939453,34,8.889999389648438,21.970001220703125,2,29.469999313354492,0.5799999833106995,34,8.529999732971191,22.954999923706055,16,0,31,7,30,28,24,30
40,10.885000228881836,20.514999389648438,4,28.190000534057617,1.9500000476837158,40,12.854999542236328,18.510000228881836,46,13.78499984741211,20.060001373291016,0,0.0,-1.0,46,15.180000305175781,18.274999618530273,43,11.664999961853027,19.985000610351562,4,62.470001220703125,2.059999942779541,40,21.650001525878906,15.239999771118164,44,12.09000015258789,20.270000457763672,2,75.83000183105469,1.809999942779541,42,10.765000343322754,21.375,9,29,0,19,24,28,20,24
37,9.479999542236328,21.895000457763672,1,84.86000061035156,1.1399999856948853,34,8.235000610351562,22.53499984741211,44,11.09000015258789,20.93000030517578,4,65.02999877929688,2.049999952316284,40,10.979999542236328,19.65999984741211,47,13.510000228881836,19.505001068115234,0,100.0,-1.0,45,16.05500030517578,16.779998779296875,40,10.40999984741211,20.895000457763672,4,38.13999938964844,1.4199999570846558,35,8.645000457763672,22.154998779296875,4,15,11,17,24,20,30,20
